ÀW²v,Re,
50,0.3711,
100,0.3561,
500,0.2851,
1000,0.2814,
3000,0.2546,
7000,0.2396,
10000,0.2301,
13000,0.2105,
15000,0.1988,0.1974
18000,0.1341,
20000,0.08563,
23000,0.006652,
24900,-0.07868,
